Workbook

Sheet Summary
A1: IIM AI Assistant - Knowledge Base Audit v1 | B1: IIM AI Assistant - Knowledge Base Audit v1 | C1: IIM AI Assistant - Knowledge Base Audit v1 | D1: IIM AI Assistant - Knowledge Base Audit v1 | E1: IIM AI Assistant - Knowledge Base Audit v1 | F1: IIM AI Assistant - Knowledge Base Audit v1 | G1: IIM AI Assistant - Knowledge Base Audit v1 | H1: IIM AI Assistant - Knowledge Base Audit v1
A2: IIM AI Assistant - Knowledge Base Audit v1 | B2: IIM AI Assistant - Knowledge Base Audit v1 | C2: IIM AI Assistant - Knowledge Base Audit v1 | D2: IIM AI Assistant - Knowledge Base Audit v1 | E2: IIM AI Assistant - Knowledge Base Audit v1 | F2: IIM AI Assistant - Knowledge Base Audit v1 | G2: IIM AI Assistant - Knowledge Base Audit v1 | H2: IIM AI Assistant - Knowledge Base Audit v1
A4: Metric | B4: Value | D4: Audit interpretation | E4: Audit interpretation | F4: Audit interpretation | G4: Audit interpretation | H4: Audit interpretation
A5: Total KB items | B5: =COUNTA('KB Audit'!$A$2:$A$32) -> 31 | D5: Verified items include stable, dynamic and live entries whose official sources are recorded. Dynamic and live entries still require scheduled rechecking. Three entries remain pending client confirmation because official pages conflict or the location is not consistently published.
A6: Verified items | B6: =B5-B10 -> 28 | D6: Stable: retain and review periodically.
A7: Stable | B7: =COUNTIF('KB Audit'!$I$2:$I$32,"stable") -> 21 | D7: Dynamic: recheck before release or quotation.
A8: Dynamic | B8: =COUNTIF('KB Audit'!$I$2:$I$32,"dynamic") -> 6 | D8: Live: use the current official page instead of hard-coding details.
A9: Live | B9: =COUNTIF('KB Audit'!$I$2:$I$32,"live") -> 1 | D9: Verify: keep cautious wording until the client confirms the correct position.
A10: Needs client confirmation | B10: =COUNTIF('KB Audit'!$I$2:$I$32,"verify") -> 3 | D10: Baseline source: public/knowledge.js, reviewed 13 August 2026.
A11: Audit completion rate | B11: =IF(B5=0,0,B6/B5) -> 0.90322581
A13: Three items requiring client confirmation | B13: Three items requiring client confirmation | C13: Three items requiring client confirmation | D13: Three items requiring client confirmation | E13: Three items requiring client confirmation | F13: Three items requiring client confirmation | G13: Three items requiring client confirmation | H13: Three items requiring client confirmation
A14: cdpo_expired_policy | B14: Expired CDPO policy | C14: Official pages differ on whether re-examination is always required.
A15: ng_office_lagos | B15: Lagos office | C15: Official pages show different street numbers: 13 and 35 Association Avenue.
A16: ng_office_ibadan | B16: Ibadan office | C16: The location appears on the Staff Contacts page but not the main contact page.

Sheet KB Audit
A1: KB ID | B1: Category | C1: Title | D1: Scope | E1: Important facts | F1: Primary source URL | G1: Secondary source URL | H1: Last reviewed | I1: Source status | J1: Audit result | K1: Issue / risk | L1: Required action | M1: Reviewer | N1: Recheck due
A2: about_iim_overview | B2: about | C2: About the Institute of Information Management | D2: global | E2: IIM describes itself as an international professional, membership-driven institute focused on data and information management and related disciplines. It serves professionals working with data, information, records, documents, knowledge, content and archives across public and private organisations. Its activities include professional membership, certification, training, continuing professional development, research/publications, seminars, workshops and conferences. | F2: https://iim-africa.org/ng/about-iim/ | H2: 46247 | I2: stable | J2: =IF(I2="verify","Needs client confirmation",IF(I2="dynamic","Verified - time-sensitive",IF(I2="live","Verified - live data","Verified"))) -> Verified | K2: No known conflict recorded; periodic source review is still required. | L2: Retain the verified entry and recheck during the next scheduled KB review. | M2: Tanmoy Bhowmick | N2: =IF(I2="verify","",IF(I2="dynamic",H2+30,IF(I2="live",H2+7,H2+180))) -> 46427
A3: about_iim_mission_vision | B3: about | C3: IIM Mission and Vision | D3: global | E3: IIM states that its mission is to help information-management professionals remain current with challenges involving information assets, technology and compliance while maintaining standards in certification, competence, research and member value. Its vision is to be recognised as a leading information-management institution in Africa and to influence professional and educational standards in data and information management. | F3: https://iim-africa.org/ng/about-iim/ | H3: 46247 | I3: stable | J3: =IF(I3="verify","Needs client confirmation",IF(I3="dynamic","Verified - time-sensitive",IF(I3="live","Verified - live data","Verified"))) -> Verified | K3: No known conflict recorded; periodic source review is still required. | L3: Retain the verified entry and recheck during the next scheduled KB review. | M3: Tanmoy Bhowmick | N3: =IF(I3="verify","",IF(I3="dynamic",H3+30,IF(I3="live",H3+7,H3+180))) -> 46427
A4: iim_global_presence | B4: about | C4: IIM International Presence | D4: global | E4: According to IIM's Nigeria About page, IIM is headquartered in Colorado, USA and has chapters or presence in locations including the UK, Canada, South Africa, Australia, Switzerland, India, Ghana and Nigeria. | F4: https://iim-africa.org/ng/about-iim/ | H4: 46247 | I4: stable | J4: =IF(I4="verify","Needs client confirmation",IF(I4="dynamic","Verified - time-sensitive",IF(I4="live","Verified - live data","Verified"))) -> Verified | K4: No known conflict recorded; periodic source review is still required. | L4: Retain the verified entry and recheck during the next scheduled KB review. | M4: Tanmoy Bhowmick | N4: =IF(I4="verify","",IF(I4="dynamic",H4+30,IF(I4="live",H4+7,H4+180))) -> 46427
A5: iim_approvals_registration | B5: approvals | C5: IIM Registration and Approval Claims | D5: global/nigeria | E5: According to IIM's official website, IIM is a Colorado nonprofit corporation (Entity ID 20181786160). The site states that it operates as a registered professional body in Nigeria with CAC registration RC 1125723 and cites Federal Ministry of Education reference FME/TED/A&E/ANPB/XLIII/406. The site also states that IIM is licensed by the Nigeria Data Protection Commission (NDPC) to conduct examinations and certify data-protection professionals under the Nigeria Data Protection Act 2023. Formal legal or recognition claims should be presented as statements from IIM's official website unless primary approval documents are supplied by the client. | F5: https://iim-africa.org/ng/approvals-accreditation/ | H5: 46247 | I5: stable | J5: =IF(I5="verify","Needs client confirmation",IF(I5="dynamic","Verified - time-sensitive",IF(I5="live","Verified - live data","Verified"))) -> Verified | K5: No known conflict recorded; periodic source review is still required. | L5: Retain the verified entry and recheck during the next scheduled KB review. | M5: Tanmoy Bhowmick | N5: =IF(I5="verify","",IF(I5="dynamic",H5+30,IF(I5="live",H5+7,H5+180))) -> 46427
A6: ng_membership_categories | B6: membership | C6: Nigeria Membership Categories and Grades | D6: Nigeria | E6: IIM lists Student, Individual and Corporate membership categories. Nigeria individual grades progress through Student Member (STIIM), Graduate Member (GMIIM), Associate Member (AMIIM), Professional Member (PMIIM), Senior Professional Member (SPMIIM) and Fellow Member (FIIM). Corporate Member uses CORMIIM. Membership applications are subject to IIM approval and active membership requires applicable fees. | F6: https://iim-africa.org/ng/grades/ | H6: 46247 | I6: stable | J6: =IF(I6="verify","Needs client confirmation",IF(I6="dynamic","Verified - time-sensitive",IF(I6="live","Verified - live data","Verified"))) -> Verified | K6: No known conflict recorded; periodic source review is still required. | L6: Retain the verified entry and recheck during the next scheduled KB review. | M6: Tanmoy Bhowmick | N6: =IF(I6="verify","",IF(I6="dynamic",H6+30,IF(I6="live",H6+7,H6+180))) -> 46427
A7: ng_membership_grade_eligibility | B7: membership | C7: Nigeria Membership Grade Eligibility | D7: Nigeria | E7: Student Member is for full-time students in information management or related professional courses, with proof of active study. Graduate Member is for recent graduates and the site says candidates should complete IIM membership pre-induction training before induction. Associate Member is an early-career grade with qualification/experience or prescribed upgrade routes. Professional Member can be reached through degree/HND/OND plus experience routes, recognised IIM professional/master certification, or other qualifications approved by the Membership Committee. Senior Professional Member is for senior professionals with supervisory responsibility, relevant qualifications and substantial post-graduation experience. Fellow Member is IIM's senior grade based on eminence, authority and/or seniority; the page commonly cites about 15 years of IM/IT specialist experience and committee/council approval. Corporate membership is for organisations/government establishments and the page states that the organisation should have at least five employees and provide supporting corporate details. | F7: https://iim-africa.org/ng/grades/ | H7: 46247 | I7: stable | J7: =IF(I7="verify","Needs client confirmation",IF(I7="dynamic","Verified - time-sensitive",IF(I7="live","Verified - live data","Verified"))) -> Verified | K7: No known conflict recorded; periodic source review is still required. | L7: Retain the verified entry and recheck during the next scheduled KB review. | M7: Tanmoy Bhowmick | N7: =IF(I7="verify","",IF(I7="dynamic",H7+30,IF(I7="live",H7+7,H7+180))) -> 46427
A8: ng_membership_fees | B8: membership | C8: Nigeria Membership Fees | D8: Nigeria | E8: Nigeria membership fees shown on IIM's official Grades page on 13 August 2026 were: Student - registration exempt, annual subscription USD 50; Graduate - registration exempt, one-time induction USD 60, annual subscription USD 100; Associate - registration USD 100, induction USD 66, annual subscription USD 110; Professional - registration USD 100, induction USD 99, annual subscription USD 180; Senior Professional - registration USD 100, induction USD 134, annual subscription USD 200; Fellow - registration USD 100, induction USD 173, annual subscription USD 242; Corporate - registration USD 100, induction USD 237, annual subscription USD 245. The page states that membership payments are non-refundable. These fees are time-sensitive and should be rechecked before production or if a later review date is reached. | F8: https://iim-africa.org/ng/grades/ | H8: 46247 | I8: dynamic | J8: =IF(I8="verify","Needs client confirmation",IF(I8="dynamic","Verified - time-sensitive",IF(I8="live","Verified - live data","Verified"))) -> Verified - time-sensitive | K8: Published fees can change and must not be treated as permanent. | L8: Recheck the official source before production release and before quoting the value. | M8: Tanmoy Bhowmick | N8: =IF(I8="verify","",IF(I8="dynamic",H8+30,IF(I8="live",H8+7,H8+180))) -> 46277
A9: membership_benefits | B9: membership | C9: Membership Benefits | D9: global/Nigeria | E9: IIM membership benefits described on the official site include participation in regular, general and special meetings for members in good standing; receiving meeting notices and programme information; eligibility for relevant governance/election participation subject to membership rules; special consideration for seminars, conferences and workshops; access to IIM information resources; and professional development, networking and recognition opportunities. | F9: https://iim-africa.org/ng/benefits/ | H9: 46247 | I9: stable | J9: =IF(I9="verify","Needs client confirmation",IF(I9="dynamic","Verified - time-sensitive",IF(I9="live","Verified - live data","Verified"))) -> Verified | K9: No known conflict recorded; periodic source review is still required. | L9: Retain the verified entry and recheck during the next scheduled KB review. | M9: Tanmoy Bhowmick | N9: =IF(I9="verify","",IF(I9="dynamic",H9+30,IF(I9="live",H9+7,H9+180))) -> 46427
A10: ng_membership_upgrade | B10: membership | C10: Membership Upgrade | D10: Nigeria | E10: Existing IIM members may use continuing professional development and professional activities toward a membership upgrade, subject to IIM requirements. Activities listed include courses/conferences, publications, teaching/tutoring, examination work, relevant projects/consultancy and passing an IIM membership-upgrade examination. Current subscription should be paid before submitting an upgrade application. The page displayed an upgrade fee of NGN 30,000 or USD 150 when reviewed on 13 August 2026. Fellow upgrades remain subject to Membership Committee recommendation and Governing Council ratification. The fee should be treated as dynamic. | F10: https://iim-africa.org/ng/membership-upgrade/ | H10: 46247 | I10: dynamic | J10: =IF(I10="verify","Needs client confirmation",IF(I10="dynamic","Verified - time-sensitive",IF(I10="live","Verified - live data","Verified"))) -> Verified - time-sensitive | K10: The displayed upgrade fee is time-sensitive. | L10: Recheck the official source before production release and before quoting the value. | M10: Tanmoy Bhowmick | N10: =IF(I10="verify","",IF(I10="dynamic",H10+30,IF(I10="live",H10+7,H10+180))) -> 46277
A11: certification_framework | B11: certification | C11: IIM Certification Framework | D11: global/Nigeria | E11: IIM describes its professional certifications as competence pathways in data and information management. The framework includes a foundation stage for candidates who do not yet meet professional examination requirements, compulsory Information Management Professional (IMP) Stage I, Stage II and Stage III, and master/specialist certifications. The website lists examples such as CDPP, CDPO-Compliance, PDPS, CDPCO, CRIMP, CHIMP, CDMP, CISP, CGISP, CAMP, CDBMP, CDOMP, CKMP and CLMP. | F11: https://iim-africa.org/ng/certifications/ | H11: 46247 | I11: stable | J11: =IF(I11="verify","Needs client confirmation",IF(I11="dynamic","Verified - time-sensitive",IF(I11="live","Verified - live data","Verified"))) -> Verified | K11: No known conflict recorded; periodic source review is still required. | L11: Retain the verified entry and recheck during the next scheduled KB review. | M11: Tanmoy Bhowmick | N11: =IF(I11="verify","",IF(I11="dynamic",H11+30,IF(I11="live",H11+7,H11+180))) -> 46427
A12: certification_process | B12: certification | C12: General Certification Process | D12: Nigeria | E12: IIM states that candidates generally attend pre-certification training, either online or classroom, before testing unless an exemption applies. Applications and supporting credentials are reviewed before examination eligibility is approved. Education and professional experience/portfolio evidence may be considered in exemption or assessment pathways where IIM criteria are met. IIM states that certification examinations are open to registered members and non-members. The general certification page displayed a non-refundable USD 16 application-processing fee when reviewed on 13 August 2026; this amount is dynamic. Exam-fee refunds may apply only under stated cancellation conditions and with an administration deduction, so exact current refund terms should be confirmed before quoting them. | F12: https://iim-africa.org/ng/certifications/ | H12: 46247 | I12: dynamic | J12: =IF(I12="verify","Needs client confirmation",IF(I12="dynamic","Verified - time-sensitive",IF(I12="live","Verified - live data","Verified"))) -> Verified - time-sensitive | K12: Application and refund amounts or rules may change. | L12: Recheck the official source before production release and before quoting the value. | M12: Tanmoy Bhowmick | N12: =IF(I12="verify","",IF(I12="dynamic",H12+30,IF(I12="live",H12+7,H12+180))) -> 46277
A13: cdpo_overview | B13: cdpo | C13: Certified Data Protection Officer (CDPO) | D13: Nigeria/global delivery | E13: IIM's Certified Data Protection Officer (CDPO) certification is designed to validate competence in data protection and privacy, including compliance, governance, data protection impact assessments (DPIAs), breach/risk management and organisational compliance support. The official page states that the programme is aligned with the Nigeria Data Protection Act 2023 and references GDPR, the Malabo Convention, Convention 108+ and ISO/IEC 27701. | F13: https://iim-africa.org/ng/iim-cdpo-certification/ | H13: 46247 | I13: stable | J13: =IF(I13="verify","Needs client confirmation",IF(I13="dynamic","Verified - time-sensitive",IF(I13="live","Verified - live data","Verified"))) -> Verified | K13: No known conflict recorded; periodic source review is still required. | L13: Retain the verified entry and recheck during the next scheduled KB review. | M13: Tanmoy Bhowmick | N13: =IF(I13="verify","",IF(I13="dynamic",H13+30,IF(I13="live",H13+7,H13+180))) -> 46427
... A16: cdpo_recertification | B16: cdpo | C16: CDPO Re-Certification | D16: Nigeria | E16: The detailed IIM CDPO re-certification SOP states that the CDPO certificate is valid for one year (12 months) and renewal is annual. A minimum of 20 CPD points is required in the certification year. The application window opens 60 days before expiry and the SOP recommends applying at least 30 days before expiry. Required items include CPD evidence/log, the re-certification application, valid identification, professional conduct/compliance declaration and proof of the applicable fee. When reviewed on 13 August 2026, the SOP showed maintenance fees of NGN 50,000 for an IIM Accredited Member and NGN 70,000 for a non-IIM member; these fees are dynamic. The SOP states that applications may be reviewed within five working days and CPD evidence may be audited. Appeals should be submitted in writing to certification@iim-africa.org within 14 days of notification. | F16: https://iim-africa.org/ng/iim-cdpo-re-certification/ | H16: 46247 | I16: dynamic | J16: =IF(I16="verify","Needs client confirmation",IF(I16="dynamic","Verified - time-sensitive",IF(I16="live","Verified - live data","Verified"))) -> Verified - time-sensitive | K16: Maintenance fees and process details are time-sensitive. | L16: Recheck the official source before production release and before quoting the value. | M16: Tanmoy Bhowmick | N16: =IF(I16="verify","",IF(I16="dynamic",H16+30,IF(I16="live",H16+7,H16+180))) -> 46277
A17: cdpo_expired_policy | B17: cdpo | C17: Expired CDPO Certificate | D17: Nigeria | E17: IIM's detailed re-certification SOP says an expired CDPO certificate becomes inactive and use of the CDPO designation should stop until reinstatement. The SOP describes reinstatement conditions that can depend on the length or severity of the lapse, with re-examination possible for severe non-compliance. However, an official FAQ also contains a statement that an expired candidate would have to retake the examination, while elsewhere it says re-examination is not required for renewal when requirements are met within the validity period. Because the official pages are not fully consistent, the chatbot must not promise a single expired-certificate outcome. Advise the user to contact certification@iim-africa.org for a case-specific decision. | F17: https://iim-africa.org/ng/iim-cdpo-re-certification/ | G17: https://iim-africa.org/ng/frequently-asked-questions/ | H17: 46247 | I17: verify | J17: =IF(I17="verify","Needs client confirmation",IF(I17="dynamic","Verified - time-sensitive",IF(I17="live","Verified - live data","Verified"))) -> Needs client confirmation | K17: Official re-certification and FAQ wording is not fully consistent on re-examination after expiry. | L17: Obtain written client confirmation; keep cautious wording until resolved. | M17: Tanmoy Bhowmick | N17: =IF(I17="verify","",IF(I17="dynamic",H17+30,IF(I17="live",H17+7,H17+180)))
A18: cpd_overview | B18: cpd | C18: Continuing Professional Development (CPD/MCPD) | D18: Nigeria | E18: IIM describes MCPD/CPD as continuing learning used by information-management professionals to maintain and improve knowledge, skills and professional capability. The Nigeria CPD page states that members are expected to make an annual CPD declaration and lists a minimum of 20 CPD points each year. CPD examples include approved webinars/workshops, conferences/seminars, relevant training, publications/research, professional speaking/facilitation and participation in IIM committees, projects or working groups. | F18: https://iim-africa.org/ng/continuing-professional-dev/ | H18: 46247 | I18: stable | J18: =IF(I18="verify","Needs client confirmation",IF(I18="dynamic","Verified - time-sensitive",IF(I18="live","Verified - live data","Verified"))) -> Verified | K18: No known conflict recorded; periodic source review is still required. | L18: Retain the verified entry and recheck during the next scheduled KB review. | M18: Tanmoy Bhowmick | N18: =IF(I18="verify","",IF(I18="dynamic",H18+30,IF(I18="live",H18+7,H18+180))) -> 46427
A19: ato_overview | B19: training | C19: Accredited Training Organisations (ATOs) | D19: Nigeria | E19: IIM accredits training organisations/providers against criteria covering trainer competence, course content, training methods, facilities or online platforms, quality assurance, data-protection compliance, ethics, reporting and continuous improvement. Accredited organisations may provide IIM-aligned training and CPD support. Providers are periodically evaluated and can lose accreditation for non-compliance. Because provider accreditation-validity dates change, the chatbot should not treat a permanently hard-coded provider list as current; users asking for a current provider should be directed to IIM's live accredited-provider page or the Training/Certification Department. | F19: https://iim-africa.org/ng/training-services/ | H19: 46247 | I19: dynamic | J19: =IF(I19="verify","Needs client confirmation",IF(I19="dynamic","Verified - time-sensitive",IF(I19="live","Verified - live data","Verified"))) -> Verified - time-sensitive | K19: Provider accreditation validity changes over time. | L19: Recheck the official source before production release and before quoting the value. | M19: Tanmoy Bhowmick | N19: =IF(I19="verify","",IF(I19="dynamic",H19+30,IF(I19="live",H19+7,H19+180))) -> 46277
A20: training_areas | B20: training | C20: Training and Certification Subject Areas | D20: global/Nigeria | E20: IIM training/certification pages show subject areas including archiving and preservation, archives management, database management, document management, geographic information systems, health information management, information security, knowledge management, library management, records/information management and related data/privacy specialisations. | F20: https://iim-africa.org/ng/iim-certificate-training/ | H20: 46247 | I20: stable | J20: =IF(I20="verify","Needs client confirmation",IF(I20="dynamic","Verified - time-sensitive",IF(I20="live","Verified - live data","Verified"))) -> Verified | K20: No known conflict recorded; periodic source review is still required. | L20: Retain the verified entry and recheck during the next scheduled KB review. | M20: Tanmoy Bhowmick | N20: =IF(I20="verify","",IF(I20="dynamic",H20+30,IF(I20="live",H20+7,H20+180))) -> 46427
A21: cert_verification | B21: verification | C21: Digital Badges and Certification Verification | D21: global/Nigeria | E21: IIM digital badges are recognition and visibility tools for certifications, membership/fellowship and event/training participation. IIM states that a digital badge is not a substitute for an official certificate or formal verification. Certification or status claims should be verified through official IIM/NDPC verification channels. Badges should only be used while the underlying membership or certification is valid, must not be altered or used to imply regulatory authority, and certification-related badges should not continue to be used after expiry, suspension or withdrawal. | F21: https://iim-africa.org/ng/iim-digital-badges-certification-verification/ | H21: 46247 | I21: stable | J21: =IF(I21="verify","Needs client confirmation",IF(I21="dynamic","Verified - time-sensitive",IF(I21="live","Verified - live data","Verified"))) -> Verified | K21: No known conflict recorded; periodic source review is still required. | L21: Retain the verified entry and recheck during the next scheduled KB review. | M21: Tanmoy Bhowmick | N21: =IF(I21="verify","",IF(I21="dynamic",H21+30,IF(I21="live",H21+7,H21+180))) -> 46427
A22: publications | B22: resources | C22: IIM Research and Publications | D22: global/Nigeria | E22: IIM publication and research resources listed on the official site include the IIM Journal for Data and Information Management (IIM-JDIM), IM World Magazine and RIM Africa Journal. The website also exposes research, webinars and working-group resources. Issue and volume information changes over time, so users seeking the latest issue should be directed to the current publications page. | F22: https://iim-africa.org/ng/our-publications/ | H22: 46247 | I22: dynamic | J22: =IF(I22="verify","Needs client confirmation",IF(I22="dynamic","Verified - time-sensitive",IF(I22="live","Verified - live data","Verified"))) -> Verified - time-sensitive | K22: Issue and volume information changes over time. | L22: Recheck the official source before production release and before quoting the value. | M22: Tanmoy Bhowmick | N22: =IF(I22="verify","",IF(I22="dynamic",H22+30,IF(I22="live",H22+7,H22+180))) -> 46277
A23: consultancy_services | B23: services | C23: Consultancy and Organisational Services | D23: Nigeria | E23: IIM consultancy and organisational services described on the official website include policy and procedure development, programme support and management, records management and retention-schedule appraisal, business-process modelling, information strategy/governance, consultancy for government and private organisations, certification programmes, awareness/change-management support, and participation in professional and educational initiatives. | F23: https://iim-africa.org/ng/consultancy-services/ | H23: 46247 | I23: stable | J23: =IF(I23="verify","Needs client confirmation",IF(I23="dynamic","Verified - time-sensitive",IF(I23="live","Verified - live data","Verified"))) -> Verified | K23: No known conflict recorded; periodic source review is still required. | L23: Retain the verified entry and recheck during the next scheduled KB review. | M23: Tanmoy Bhowmick | N23: =IF(I23="verify","",IF(I23="dynamic",H23+30,IF(I23="live",H23+7,H23+180))) -> 46427
A24: privacy_summary | B24: privacy | C24: IIM Data Protection and Privacy Summary | D24: global/Nigeria | E24: IIM's privacy policy describes collection of identity/contact, membership, payment, qualification/exam, MCPD, employment, query/complaint, event/training media and potentially biometric data through membership applications, examination registration, events/training, customer service and some third-party sources. Stated purposes include membership administration, qualification/accreditation records, training/study materials, exams, CPD, support, service improvement, regulatory/disciplinary functions and marketing. The policy allows lawful/necessary sharing with relevant service providers, employers, regulators and legal authorities and states that IIM does not sell personal information. Listed rights include access, withdrawal of consent where applicable, portability in some circumstances, rectification and erasure in specific situations. Privacy/data-processing enquiries can be directed to dpo@iim-africa.org. The website states the policy was last updated 10 February 2025. | F24: https://iim-africa.org/ng/data-protection-and-privacy-policy/ | H24: 46247 | I24: stable | J24: =IF(I24="verify","Needs client confirmation",IF(I24="dynamic","Verified - time-sensitive",IF(I24="live","Verified - live data","Verified"))) -> Verified | K24: No known conflict recorded; periodic source review is still required. | L24: Retain the verified entry and recheck during the next scheduled KB review. | M24: Tanmoy Bhowmick | N24: =IF(I24="verify","",IF(I24="dynamic",H24+30,IF(I24="live",H24+7,H24+180))) -> 46427
A25: contact_departments | B25: contact | C25: IIM Department Contacts | D25: global/Nigeria | E25: IIM departmental contacts: general information - info@iim-africa.org; membership - membership@iim-africa.org; training - training@iim-africa.org; certification/CDPO - certification@iim-africa.org and +234 808 377 3640; registrar - registrar@iim-africa.org; privacy/data-protection - dpo@iim-africa.org. Nigeria general phone numbers shown across official pages include +234 705 8000 405, +234 812 3695 594 and +234 813 6021 453. | F25: https://iim-africa.org/ng/staff-contacts/ | H25: 46247 | I25: stable | J25: =IF(I25="verify","Needs client confirmation",IF(I25="dynamic","Verified - time-sensitive",IF(I25="live","Verified - live data","Verified"))) -> Verified | K25: No known conflict recorded; periodic source review is still required. | L25: Retain the verified entry and recheck during the next scheduled KB review. | M25: Tanmoy Bhowmick | N25: =IF(I25="verify","",IF(I25="dynamic",H25+30,IF(I25="live",H25+7,H25+180))) -> 46427
A26: ng_office_abuja | B26: contact | C26: IIM Abuja Office | D26: Nigeria | E26: IIM's Abuja office is listed as 3rd Floor, Upper Grace Plaza, Plot 217 Shettima Munguno Crescent, behind Julius Berger Yard, Utako, Abuja, Nigeria. | F26: https://iim-africa.org/ng/contact/ | H26: 46247 | I26: stable | J26: =IF(I26="verify","Needs client confirmation",IF(I26="dynamic","Verified - time-sensitive",IF(I26="live","Verified - live data","Verified"))) -> Verified | K26: No known conflict recorded; periodic source review is still required. | L26: Retain the verified entry and recheck during the next scheduled KB review. | M26: Tanmoy Bhowmick | N26: =IF(I26="verify","",IF(I26="dynamic",H26+30,IF(I26="live",H26+7,H26+180))) -> 46427
A27: ng_office_lagos | B27: contact | C27: IIM Lagos Office | D27: Nigeria | E27: IIM has an office on Association Avenue, Ilupeju, Lagos, Nigeria. Official IIM pages currently conflict on the street number: some pages show 13 Association Avenue while the Staff Contacts page shows SAIM House 35, Association Avenue. Until IIM confirms the current address, the chatbot should avoid stating a street number as certain and should provide the department email or phone for confirmation. | F27: https://iim-africa.org/ng/contact/ | G27: https://iim-africa.org/ng/staff-contacts/ | H27: 46247 | I27: verify | J27: =IF(I27="verify","Needs client confirmation",IF(I27="dynamic","Verified - time-sensitive",IF(I27="live","Verified - live data","Verified"))) -> Needs client confirmation | K27: Official pages conflict between 13 Association Avenue and SAIM House 35, Association Avenue. | L27: Obtain written client confirmation; keep cautious wording until resolved. | M27: Tanmoy Bhowmick | N27: =IF(I27="verify","",IF(I27="dynamic",H27+30,IF(I27="live",H27+7,H27+180)))
A28: ng_office_ibadan | B28: contact | C28: IIM Ibadan Office | D28: Nigeria | E28: IIM's Staff Contacts page lists an Ibadan location at Shop 14, Dokal Shopping Plaza, off Orita Police Station, Orita Challenge, Ibadan, Oyo State, Nigeria, with phone +234 907 0556 463. Because this location appears on the Staff Contacts page rather than the main contact page, confirm it with IIM before treating it as a permanent primary office address. | F28: https://iim-africa.org/ng/staff-contacts/ | H28: 46247 | I28: verify | J28: =IF(I28="verify","Needs client confirmation",IF(I28="dynamic","Verified - time-sensitive",IF(I28="live","Verified - live data","Verified"))) -> Needs client confirmation | K28: The address appears on the Staff Contacts page but not the main contact page. | L28: Obtain written client confirmation; keep cautious wording until resolved. | M28: Tanmoy Bhowmick | N28: =IF(I28="verify","",IF(I28="dynamic",H28+30,IF(I28="live",H28+7,H28+180)))
A29: au_contact | B29: contact | C29: IIM Australia Contact | D29: Australia | E29: IIM Australia lists its contact as 23/122 Johnson Road Rd, Hillcrest QLD 4118, Australia; phone +61 451 109 163; email info@iim-africa.org. Australian membership grades broadly mirror Student, Graduate, Associate, Professional, Senior Professional, Fellow and Corporate grades. Australian fees are shown in AUD on the Australia Grades page and must not be replaced with Nigeria's USD fee schedule. | F29: https://iim-africa.org/au/ | H29: 46247 | I29: stable | J29: =IF(I29="verify","Needs client confirmation",IF(I29="dynamic","Verified - time-sensitive",IF(I29="live","Verified - live data","Verified"))) -> Verified | K29: No known conflict recorded; periodic source review is still required. | L29: Retain the verified entry and recheck during the next scheduled KB review. | M29: Tanmoy Bhowmick | N29: =IF(I29="verify","",IF(I29="dynamic",H29+30,IF(I29="live",H29+7,H29+180))) -> 46427
A30: sa_contact | B30: contact | C30: IIM South Africa Contact | D30: South Africa | E30: IIM South Africa's contact page lists 52 Monte Carlo Drive, Centurion, Pretoria 0157, South Africa; phone +27 61 539 2837; email training@iim-africa.org. Placeholder 'Lorem ipsum' text visible on the page is not valid IIM knowledge and must be ignored. | F30: https://iim-africa.org/sa/contact/ | H30: 46247 | I30: stable | J30: =IF(I30="verify","Needs client confirmation",IF(I30="dynamic","Verified - time-sensitive",IF(I30="live","Verified - live data","Verified"))) -> Verified | K30: No known conflict recorded; periodic source review is still required. | L30: Retain the verified entry and recheck during the next scheduled KB review. | M30: Tanmoy Bhowmick | N30: =IF(I30="verify","",IF(I30="dynamic",H30+30,IF(I30="live",H30+7,H30+180))) -> 46427
A31: events_dynamic_policy | B31: events | C31: Events and Conferences | D31: global | E31: IIM runs conferences, conventions, webinars, workshops and other professional events. Event dates, speakers, venues, registration status and costs are time-sensitive and past events remain visible on some IIM pages. The chatbot should not rely on permanently hard-coded event dates. For a current or future event, direct the user to the live IIM event page or the relevant IIM team. | F31: https://iim-africa.org/ng/conferences-events/ | H31: 46247 | I31: live | J31: =IF(I31="verify","Needs client confirmation",IF(I31="dynamic","Verified - time-sensitive",IF(I31="live","Verified - live data","Verified"))) -> Verified - live data | K31: Dates, speakers, venues, registration status and costs are live information. | L31: Use the live official page or responsible IIM team; do not hard-code current details. | M31: Tanmoy Bhowmick | N31: =IF(I31="verify","",IF(I31="dynamic",H31+30,IF(I31="live",H31+7,H31+180))) -> 46254
A32: dynamic_data_policy | B32: governance | C32: Dynamic and Verified Data Handling | D32: system | E32: Fees, event calendars, training dates, provider accreditation validity and live certification status can change. If a stored review date is old or the user asks for a live/current status, the chatbot should say the information may have changed and direct the user to the current IIM website or responsible department. The chatbot must never infer approval, eligibility, certification status or examination outcome for a specific person from general information. | F32: https://www.iim-africa.org/ | H32: 46247 | I32: stable | J32: =IF(I32="verify","Needs client confirmation",IF(I32="dynamic","Verified - time-sensitive",IF(I32="live","Verified - live data","Verified"))) -> Verified | K32: No known conflict recorded; periodic source review is still required. | L32: Retain the verified entry and recheck during the next scheduled KB review. | M32: Tanmoy Bhowmick | N32: =IF(I32="verify","",IF(I32="dynamic",H32+30,IF(I32="live",H32+7,H32+180))) -> 46427

Sheet Client Follow-up
A1: Client Follow-up Register | B1: Client Follow-up Register | C1: Client Follow-up Register | D1: Client Follow-up Register | E1: Client Follow-up Register | F1: Client Follow-up Register | G1: Client Follow-up Register
A2: Client Follow-up Register | B2: Client Follow-up Register | C2: Client Follow-up Register | D2: Client Follow-up Register | E2: Client Follow-up Register | F2: Client Follow-up Register | G2: Client Follow-up Register
A4: Priority | B4: Related KB ID | C4: Area | D4: Confirmation needed | E4: Why it matters | F4: Suggested owner | G4: Status
A5: Critical | B5: cdpo_expired_policy | C5: Certification | D5: Confirm the official expired-CDPO reinstatement and re-examination rule. | E5: Prevents contradictory certification guidance. | F5: IIM Certification team | G5: Open
A6: Critical | B6: ng_office_lagos | C6: Contact | D6: Confirm whether the current Lagos street number is 13 or 35 Association Avenue. | E6: Prevents users being directed to the wrong address. | F6: IIM Administration | G6: Open
A7: High | B7: ng_office_ibadan | C7: Contact | D7: Confirm whether the Ibadan location is a current permanent IIM office. | E7: The location is not consistently shown across official pages. | F7: IIM Administration | G7: Open
A8: High | C8: Certification | D8: Confirm whether CIM certification exists or was a naming error. | E8: The client information request mentions CIM, while public evidence currently supports CDPO. | F8: IIM Certification team | G8: Open
A9: High | C9: Content | D9: Provide the complete approved FAQ list beyond the public CDPO renewal FAQ. | E9: Broader verified content is needed for production coverage. | F9: IIM content owner | G9: Open
A10: High | C10: Training | D10: Provide the current training calendar, class dates and pricing. | E10: The public site describes subject areas but not a complete current schedule. | F10: IIM Training team | G10: Open
A11: Critical | C11: Escalation | D11: Confirm where escalated chats should be sent. | E11: The chatbot needs a reliable human hand-off destination. | F11: Client project owner | G11: Open
A12: High | C12: Escalation | D12: Confirm topics that must always be transferred to a human. | E12: Prevents inappropriate automated decisions or advice. | F12: Client project owner | G12: Open
A13: Medium | C13: Technical | D13: Confirm the production website platform and responsible technical contact. | E13: Required for deployment and widget integration planning. | F13: Client technical owner | G13: Open
A14: Medium | C14: Branding | D14: Confirm the preferred chatbot name, tone and label. | E14: Required before finalising the production persona. | F14: Client communications | G14: Open
A15: Critical | C15: Approvals | D15: Confirm who signs off chatbot answers before go-live. | E15: Defines accountability for approved knowledge. | F15: Client project owner | G15: Open
A16: Critical | B16: privacy_summary | C16: Privacy | D16: Confirm final data-retention, logging and privacy requirements. | E16: Required before public deployment and user-data collection. | F16: Client privacy owner | G16: Open
